<?xml version="1.0"?>

<project name="Developer Module Java" basedir="D:/ptc/Project/Windchill9">
    <property environment="env"/>
    <property file="D:/ptc/Project/Windchill9/PSKBuilder.properties"/>

    <path id="class.path">
      <pathelement location="${codebase.lib}"/>
      <pathelement location="${codebase.web-inf.lib}"/>
      <pathelement location="${wc.codebase}"/>
      <pathelement location="${servlet_jar}"/>
      <pathelement location="${codebase.lib.ie}"/>
      <pathelement location="${jxl_jar}"/>
      <pathelement location="${skin_jar}"/>
      <pathelement location="${sqljdbc_jar}"/>
      <pathelement location="${wc.codebase}/WEB-INF/lib/poi-3.0.2-FINAL-20080204.jar"/>
    </path>
	
	<target name="javagen">
		<exec executable="Javagen.bat">
			<arg line="ext.psk.ecm.** false true true true true"/>
		</exec>
	</target>
	
	<target name="ResourceBuild">
		<exec executable="ResourceBuild.bat">
			<arg line="ext.psk.* true"/>
		</exec>
	</target>
	
    <!-- target name="ALL" depends="Compiler-srcAll, filecopy-Ext, filecopy-ExtCore" description="Compile" -->
    <target name="ALL" depends="classfilecopy-ext, filecopy-Ext" description="Compile">
        <echo message="ALL Compiler complete !!" />
    </target>
	
	<target name="classfilecopy-ext" description="Copy general complied files" >
        <echo message="Copy Ext complied files" />
        <copy todir="${wc.codebase.ext}/psk" overwrite="true">
            <fileset dir="${project.bin.ext}/psk" casesensitive="no">
            	<include name="**/*.class"/>
            	<include name="**/**/*.class"/>
            </fileset>
        </copy>
    </target>
		
	<target name="filecopy-Ext" description="Copy general source files" >
        <echo message="Copy Ext source files" />
        <copy todir="${wc.src.ext}/psk" overwrite="true">
            <fileset dir="${project.src.ext}/psk" casesensitive="no">
            	<include name="**/*.cat"/>
            	<include name="**/*.java"/>
            	<include name="**/*.rbinfo"/>
            	<include name="**/*.mData"/>
            	<include name="**/**/*.cat"/>
            	<include name="**/**/*.java"/>
            	<include name="**/**/*.rbinfo"/>
            	<include name="**/*.class"/>
            	<include name="**/**/*.mData"/>
            </fileset>
        </copy>
    </target>

</project>
