<?xml version = '1.0' encoding = 'UTF-8'?>
<SQLprofiles class="oracle.dbtools.proformatter.treePreferences.style.profile.CodingStyleSQLProfiles" xmlns="http://xmlns.oracle.com/jdeveloper/110000/default-coding-sql-style-profiles">
   <profileMap class="java.util.HashMap">
      <Item>
         <Key>1:SQL</Key>
         <Value class="oracle.dbtools.proformatter.treePreferences.CodingStyleSQLProfile">
            <alignAs>true</alignAs>
            <alignComma>false</alignComma>
            <alignComment>true</alignComment>
            <alignConcat>true</alignConcat>
            <alignDecl>true</alignDecl>
            <alignEqual>true</alignEqual>
            <alignKeyword>false</alignKeyword>
            <alignOperator>true</alignOperator>
            <bracketSpacing>0</bracketSpacing>
            <bracketSpacingAndOrWhen>true</bracketSpacingAndOrWhen>
            <breakAfterAnd>false</breakAfterAnd>
            <breakAfterComma>true</breakAfterComma>
            <breakAfterConcat>false</breakAfterConcat>
            <breakBeforeAnd>true</breakBeforeAnd>
            <breakBeforeComma>false</breakBeforeComma>
            <breakBeforeComment>false</breakBeforeComment>
            <breakBeforeConcat>true</breakBeforeConcat>
            <breakCase>true</breakCase>
            <breakCaseAndOr>true</breakCaseAndOr>
            <breakCaseElse>true</breakCaseElse>
            <breakCaseThen>true</breakCaseThen>
            <breakCaseWhen>true</breakCaseWhen>
            <breakJoin>true</breakJoin>
            <breakKeyword>true</breakKeyword>
            <breakSchema>0</breakSchema>
            <breakSelectBracket>true</breakSelectBracket>
            <colored>false</colored>
            <commaSpacing>0</commaSpacing>
            <dblIndent>false</dblIndent>
            <forceDifference>true</forceDifference>
            <indentAnd>false</indentAnd>
            <lineNum>10</lineNum>
            <lineWidth>80</lineWidth>
            <memberOrderHashStructure/>
            <name>SQL</name>
            <numCommas>1</numCommas>
            <numSpaces>2</numSpaces>
            <operatorSpacing>0</operatorSpacing>
            <quoteChar>0</quoteChar>
            <replaceComment>false</replaceComment>
            <smallSql>20</smallSql>
            <sourceSql>1</sourceSql>
            <sqlSourceEnclosed>0</sqlSourceEnclosed>
            <sqlsourceCopied>false</sqlsourceCopied>
            <suppressComment>false</suppressComment>
            <targetSql>0</targetSql>
            <uppercase>0</uppercase>
            <useTab>false</useTab>
         </Value>
      </Item>
      <Item>
         <Key>1:이전 환경설정</Key>
         <Value class="oracle.dbtools.proformatter.treePreferences.CodingStyleSQLProfile">
            <alignAs>true</alignAs>
            <alignComma>false</alignComma>
            <alignComment>true</alignComment>
            <alignConcat>true</alignConcat>
            <alignDecl>true</alignDecl>
            <alignEqual>true</alignEqual>
            <alignKeyword>false</alignKeyword>
            <alignOperator>true</alignOperator>
            <bracketSpacing>0</bracketSpacing>
            <bracketSpacingAndOrWhen>false</bracketSpacingAndOrWhen>
            <breakAfterAnd>false</breakAfterAnd>
            <breakAfterComma>true</breakAfterComma>
            <breakAfterConcat>false</breakAfterConcat>
            <breakBeforeAnd>true</breakBeforeAnd>
            <breakBeforeComma>false</breakBeforeComma>
            <breakBeforeComment>false</breakBeforeComment>
            <breakBeforeConcat>true</breakBeforeConcat>
            <breakCase>true</breakCase>
            <breakCaseAndOr>true</breakCaseAndOr>
            <breakCaseElse>true</breakCaseElse>
            <breakCaseThen>true</breakCaseThen>
            <breakCaseWhen>true</breakCaseWhen>
            <breakJoin>true</breakJoin>
            <breakKeyword>false</breakKeyword>
            <breakSchema>0</breakSchema>
            <breakSelectBracket>false</breakSelectBracket>
            <colored>false</colored>
            <commaSpacing>0</commaSpacing>
            <dblIndent>false</dblIndent>
            <forceDifference>true</forceDifference>
            <indentAnd>false</indentAnd>
            <lineNum>999</lineNum>
            <lineWidth>999</lineWidth>
            <memberOrderHashStructure/>
            <name>이전 환경설정</name>
            <numCommas>1</numCommas>
            <numSpaces>2</numSpaces>
            <operatorSpacing>0</operatorSpacing>
            <quoteChar>0</quoteChar>
            <replaceComment>false</replaceComment>
            <smallSql>80</smallSql>
            <sourceSql>1</sourceSql>
            <sqlSourceEnclosed>0</sqlSourceEnclosed>
            <sqlsourceCopied>false</sqlsourceCopied>
            <suppressComment>false</suppressComment>
            <targetSql>0</targetSql>
            <uppercase>0</uppercase>
            <useTab>false</useTab>
         </Value>
      </Item>
      <Item>
         <Key>2:SQL</Key>
         <Value class="oracle.dbtools.proformatter.treePreferences.CodingStyleSQLProfile">
            <alignAs>true</alignAs>
            <alignComma>false</alignComma>
            <alignComment>true</alignComment>
            <alignConcat>true</alignConcat>
            <alignDecl>true</alignDecl>
            <alignEqual>true</alignEqual>
            <alignKeyword>false</alignKeyword>
            <alignOperator>true</alignOperator>
            <bracketSpacing>0</bracketSpacing>
            <bracketSpacingAndOrWhen>true</bracketSpacingAndOrWhen>
            <breakAfterAnd>false</breakAfterAnd>
            <breakAfterComma>true</breakAfterComma>
            <breakAfterConcat>false</breakAfterConcat>
            <breakBeforeAnd>true</breakBeforeAnd>
            <breakBeforeComma>false</breakBeforeComma>
            <breakBeforeComment>false</breakBeforeComment>
            <breakBeforeConcat>true</breakBeforeConcat>
            <breakCase>true</breakCase>
            <breakCaseAndOr>true</breakCaseAndOr>
            <breakCaseElse>true</breakCaseElse>
            <breakCaseThen>true</breakCaseThen>
            <breakCaseWhen>true</breakCaseWhen>
            <breakJoin>true</breakJoin>
            <breakKeyword>true</breakKeyword>
            <breakSchema>0</breakSchema>
            <breakSelectBracket>true</breakSelectBracket>
            <colored>false</colored>
            <commaSpacing>0</commaSpacing>
            <dblIndent>false</dblIndent>
            <forceDifference>true</forceDifference>
            <indentAnd>false</indentAnd>
            <lineNum>10</lineNum>
            <lineWidth>80</lineWidth>
            <memberOrderHashStructure/>
            <name>SQL</name>
            <numCommas>1</numCommas>
            <numSpaces>2</numSpaces>
            <operatorSpacing>0</operatorSpacing>
            <quoteChar>0</quoteChar>
            <replaceComment>false</replaceComment>
            <smallSql>20</smallSql>
            <sourceSql>2</sourceSql>
            <sqlSourceEnclosed>0</sqlSourceEnclosed>
            <sqlsourceCopied>false</sqlsourceCopied>
            <suppressComment>false</suppressComment>
            <targetSql>0</targetSql>
            <uppercase>0</uppercase>
            <useTab>false</useTab>
         </Value>
      </Item>
      <Item>
         <Key>3:SQL</Key>
         <Value class="oracle.dbtools.proformatter.treePreferences.CodingStyleSQLProfile">
            <alignAs>true</alignAs>
            <alignComma>false</alignComma>
            <alignComment>true</alignComment>
            <alignConcat>true</alignConcat>
            <alignDecl>true</alignDecl>
            <alignEqual>true</alignEqual>
            <alignKeyword>false</alignKeyword>
            <alignOperator>true</alignOperator>
            <bracketSpacing>0</bracketSpacing>
            <bracketSpacingAndOrWhen>true</bracketSpacingAndOrWhen>
            <breakAfterAnd>false</breakAfterAnd>
            <breakAfterComma>true</breakAfterComma>
            <breakAfterConcat>false</breakAfterConcat>
            <breakBeforeAnd>true</breakBeforeAnd>
            <breakBeforeComma>false</breakBeforeComma>
            <breakBeforeComment>false</breakBeforeComment>
            <breakBeforeConcat>true</breakBeforeConcat>
            <breakCase>true</breakCase>
            <breakCaseAndOr>true</breakCaseAndOr>
            <breakCaseElse>true</breakCaseElse>
            <breakCaseThen>true</breakCaseThen>
            <breakCaseWhen>true</breakCaseWhen>
            <breakJoin>true</breakJoin>
            <breakKeyword>true</breakKeyword>
            <breakSchema>0</breakSchema>
            <breakSelectBracket>true</breakSelectBracket>
            <colored>false</colored>
            <commaSpacing>0</commaSpacing>
            <dblIndent>false</dblIndent>
            <forceDifference>true</forceDifference>
            <indentAnd>false</indentAnd>
            <lineNum>10</lineNum>
            <lineWidth>80</lineWidth>
            <memberOrderHashStructure/>
            <name>SQL</name>
            <numCommas>1</numCommas>
            <numSpaces>2</numSpaces>
            <operatorSpacing>0</operatorSpacing>
            <quoteChar>0</quoteChar>
            <replaceComment>false</replaceComment>
            <smallSql>20</smallSql>
            <sourceSql>3</sourceSql>
            <sqlSourceEnclosed>0</sqlSourceEnclosed>
            <sqlsourceCopied>false</sqlsourceCopied>
            <suppressComment>false</suppressComment>
            <targetSql>0</targetSql>
            <uppercase>0</uppercase>
            <useTab>false</useTab>
         </Value>
      </Item>
      <Item>
         <Key>4:SQL</Key>
         <Value class="oracle.dbtools.proformatter.treePreferences.CodingStyleSQLProfile">
            <alignAs>true</alignAs>
            <alignComma>false</alignComma>
            <alignComment>true</alignComment>
            <alignConcat>true</alignConcat>
            <alignDecl>true</alignDecl>
            <alignEqual>true</alignEqual>
            <alignKeyword>false</alignKeyword>
            <alignOperator>true</alignOperator>
            <bracketSpacing>0</bracketSpacing>
            <bracketSpacingAndOrWhen>true</bracketSpacingAndOrWhen>
            <breakAfterAnd>false</breakAfterAnd>
            <breakAfterComma>true</breakAfterComma>
            <breakAfterConcat>false</breakAfterConcat>
            <breakBeforeAnd>true</breakBeforeAnd>
            <breakBeforeComma>false</breakBeforeComma>
            <breakBeforeComment>false</breakBeforeComment>
            <breakBeforeConcat>true</breakBeforeConcat>
            <breakCase>true</breakCase>
            <breakCaseAndOr>true</breakCaseAndOr>
            <breakCaseElse>true</breakCaseElse>
            <breakCaseThen>true</breakCaseThen>
            <breakCaseWhen>true</breakCaseWhen>
            <breakJoin>true</breakJoin>
            <breakKeyword>true</breakKeyword>
            <breakSchema>0</breakSchema>
            <breakSelectBracket>true</breakSelectBracket>
            <colored>false</colored>
            <commaSpacing>0</commaSpacing>
            <dblIndent>false</dblIndent>
            <forceDifference>true</forceDifference>
            <indentAnd>false</indentAnd>
            <lineNum>10</lineNum>
            <lineWidth>80</lineWidth>
            <memberOrderHashStructure/>
            <name>SQL</name>
            <numCommas>1</numCommas>
            <numSpaces>2</numSpaces>
            <operatorSpacing>0</operatorSpacing>
            <quoteChar>0</quoteChar>
            <replaceComment>false</replaceComment>
            <smallSql>20</smallSql>
            <sourceSql>4</sourceSql>
            <sqlSourceEnclosed>0</sqlSourceEnclosed>
            <sqlsourceCopied>false</sqlsourceCopied>
            <suppressComment>false</suppressComment>
            <targetSql>0</targetSql>
            <uppercase>0</uppercase>
            <useTab>false</useTab>
         </Value>
      </Item>
      <Item>
         <Key>5:SQL</Key>
         <Value class="oracle.dbtools.proformatter.treePreferences.CodingStyleSQLProfile">
            <alignAs>true</alignAs>
            <alignComma>false</alignComma>
            <alignComment>true</alignComment>
            <alignConcat>true</alignConcat>
            <alignDecl>true</alignDecl>
            <alignEqual>true</alignEqual>
            <alignKeyword>false</alignKeyword>
            <alignOperator>true</alignOperator>
            <bracketSpacing>0</bracketSpacing>
            <bracketSpacingAndOrWhen>true</bracketSpacingAndOrWhen>
            <breakAfterAnd>false</breakAfterAnd>
            <breakAfterComma>true</breakAfterComma>
            <breakAfterConcat>false</breakAfterConcat>
            <breakBeforeAnd>true</breakBeforeAnd>
            <breakBeforeComma>false</breakBeforeComma>
            <breakBeforeComment>false</breakBeforeComment>
            <breakBeforeConcat>true</breakBeforeConcat>
            <breakCase>true</breakCase>
            <breakCaseAndOr>true</breakCaseAndOr>
            <breakCaseElse>true</breakCaseElse>
            <breakCaseThen>true</breakCaseThen>
            <breakCaseWhen>true</breakCaseWhen>
            <breakJoin>true</breakJoin>
            <breakKeyword>true</breakKeyword>
            <breakSchema>0</breakSchema>
            <breakSelectBracket>true</breakSelectBracket>
            <colored>false</colored>
            <commaSpacing>0</commaSpacing>
            <dblIndent>false</dblIndent>
            <forceDifference>true</forceDifference>
            <indentAnd>false</indentAnd>
            <lineNum>10</lineNum>
            <lineWidth>80</lineWidth>
            <memberOrderHashStructure/>
            <name>SQL</name>
            <numCommas>1</numCommas>
            <numSpaces>2</numSpaces>
            <operatorSpacing>0</operatorSpacing>
            <quoteChar>0</quoteChar>
            <replaceComment>false</replaceComment>
            <smallSql>20</smallSql>
            <sourceSql>5</sourceSql>
            <sqlSourceEnclosed>0</sqlSourceEnclosed>
            <sqlsourceCopied>false</sqlsourceCopied>
            <suppressComment>false</suppressComment>
            <targetSql>0</targetSql>
            <uppercase>0</uppercase>
            <useTab>false</useTab>
         </Value>
      </Item>
      <Item>
         <Key>6:SQL</Key>
         <Value class="oracle.dbtools.proformatter.treePreferences.CodingStyleSQLProfile">
            <alignAs>true</alignAs>
            <alignComma>false</alignComma>
            <alignComment>true</alignComment>
            <alignConcat>true</alignConcat>
            <alignDecl>true</alignDecl>
            <alignEqual>true</alignEqual>
            <alignKeyword>false</alignKeyword>
            <alignOperator>true</alignOperator>
            <bracketSpacing>0</bracketSpacing>
            <bracketSpacingAndOrWhen>true</bracketSpacingAndOrWhen>
            <breakAfterAnd>false</breakAfterAnd>
            <breakAfterComma>true</breakAfterComma>
            <breakAfterConcat>false</breakAfterConcat>
            <breakBeforeAnd>true</breakBeforeAnd>
            <breakBeforeComma>false</breakBeforeComma>
            <breakBeforeComment>false</breakBeforeComment>
            <breakBeforeConcat>true</breakBeforeConcat>
            <breakCase>true</breakCase>
            <breakCaseAndOr>true</breakCaseAndOr>
            <breakCaseElse>true</breakCaseElse>
            <breakCaseThen>true</breakCaseThen>
            <breakCaseWhen>true</breakCaseWhen>
            <breakJoin>true</breakJoin>
            <breakKeyword>true</breakKeyword>
            <breakSchema>0</breakSchema>
            <breakSelectBracket>true</breakSelectBracket>
            <colored>false</colored>
            <commaSpacing>0</commaSpacing>
            <dblIndent>false</dblIndent>
            <forceDifference>true</forceDifference>
            <indentAnd>false</indentAnd>
            <lineNum>10</lineNum>
            <lineWidth>80</lineWidth>
            <memberOrderHashStructure/>
            <name>SQL</name>
            <numCommas>1</numCommas>
            <numSpaces>2</numSpaces>
            <operatorSpacing>0</operatorSpacing>
            <quoteChar>0</quoteChar>
            <replaceComment>false</replaceComment>
            <smallSql>20</smallSql>
            <sourceSql>6</sourceSql>
            <sqlSourceEnclosed>0</sqlSourceEnclosed>
            <sqlsourceCopied>false</sqlsourceCopied>
            <suppressComment>false</suppressComment>
            <targetSql>0</targetSql>
            <uppercase>0</uppercase>
            <useTab>false</useTab>
         </Value>
      </Item>
   </profileMap>
</SQLprofiles>
