<?xml version="1.0" ?><!DOCTYPE NmLoader SYSTEM "standardX10.dtd">
<NmLoader>
<csvGroupGroup handler="wt.org.LoadPrincipal.createGroupGroup" >
    <csvuser></csvuser>
    <csvparentGroupName>110</csvparentGroupName>
    <csvchildGroupName>1421</csvchildGroupName>
    <csvparentDirectoryService></csvparentDirectoryService>
    <csvchildDirectoryService></csvchildDirectoryService>
</csvGroupGroup>

<csvGroupGroup handler="wt.org.LoadPrincipal.createGroupGroup" >
    <csvuser></csvuser>
    <csvparentGroupName>110</csvparentGroupName>
    <csvchildGroupName>1422</csvchildGroupName>
    <csvparentDirectoryService></csvparentDirectoryService>
    <csvchildDirectoryService></csvchildDirectoryService>
</csvGroupGroup>

<csvGroupGroup handler="wt.org.LoadPrincipal.createGroupGroup" >
    <csvuser></csvuser>
    <csvparentGroupName>110</csvparentGroupName>
    <csvchildGroupName>1423</csvchildGroupName>
    <csvparentDirectoryService></csvparentDirectoryService>
    <csvchildDirectoryService></csvchildDirectoryService>
</csvGroupGroup>

<csvGroupGroup handler="wt.org.LoadPrincipal.createGroupGroup" >
    <csvuser></csvuser>
    <csvparentGroupName>110</csvparentGroupName>
    <csvchildGroupName>1424</csvchildGroupName>
    <csvparentDirectoryService></csvparentDirectoryService>
    <csvchildDirectoryService></csvchildDirectoryService>
</csvGroupGroup>

<csvGroupGroup handler="wt.org.LoadPrincipal.createGroupGroup" >
    <csvuser></csvuser>
    <csvparentGroupName>110</csvparentGroupName>
    <csvchildGroupName>1432</csvchildGroupName>
    <csvparentDirectoryService></csvparentDirectoryService>
    <csvchildDirectoryService></csvchildDirectoryService>
</csvGroupGroup>

<csvGroupGroup handler="wt.org.LoadPrincipal.createGroupGroup" >
    <csvuser></csvuser>
    <csvparentGroupName>110</csvparentGroupName>
    <csvchildGroupName>1446</csvchildGroupName>
    <csvparentDirectoryService></csvparentDirectoryService>
    <csvchildDirectoryService></csvchildDirectoryService>
</csvGroupGroup>

<csvGroupGroup handler="wt.org.LoadPrincipal.createGroupGroup" >
    <csvuser></csvuser>
    <csvparentGroupName>110</csvparentGroupName>
    <csvchildGroupName>1497</csvchildGroupName>
    <csvparentDirectoryService></csvparentDirectoryService>
    <csvchildDirectoryService></csvchildDirectoryService>
</csvGroupGroup>

<csvGroupGroup handler="wt.org.LoadPrincipal.createGroupGroup" >
    <csvuser></csvuser>
    <csvparentGroupName>1424</csvparentGroupName>
    <csvchildGroupName>1425</csvchildGroupName>
    <csvparentDirectoryService></csvparentDirectoryService>
    <csvchildDirectoryService></csvchildDirectoryService>
</csvGroupGroup>

<csvGroupGroup handler="wt.org.LoadPrincipal.createGroupGroup" >
    <csvuser></csvuser>
    <csvparentGroupName>1424</csvparentGroupName>
    <csvchildGroupName>1426</csvchildGroupName>
    <csvparentDirectoryService></csvparentDirectoryService>
    <csvchildDirectoryService></csvchildDirectoryService>
</csvGroupGroup>

<csvGroupGroup handler="wt.org.LoadPrincipal.createGroupGroup" >
    <csvuser></csvuser>
    <csvparentGroupName>1424</csvparentGroupName>
    <csvchildGroupName>1427</csvchildGroupName>
    <csvparentDirectoryService></csvparentDirectoryService>
    <csvchildDirectoryService></csvchildDirectoryService>
</csvGroupGroup>

<csvGroupGroup handler="wt.org.LoadPrincipal.createGroupGroup" >
    <csvuser></csvuser>
    <csvparentGroupName>1424</csvparentGroupName>
    <csvchildGroupName>1428</csvchildGroupName>
    <csvparentDirectoryService></csvparentDirectoryService>
    <csvchildDirectoryService></csvchildDirectoryService>
</csvGroupGroup>

<csvGroupGroup handler="wt.org.LoadPrincipal.createGroupGroup" >
    <csvuser></csvuser>
    <csvparentGroupName>1424</csvparentGroupName>
    <csvchildGroupName>1429</csvchildGroupName>
    <csvparentDirectoryService></csvparentDirectoryService>
    <csvchildDirectoryService></csvchildDirectoryService>
</csvGroupGroup>

<csvGroupGroup handler="wt.org.LoadPrincipal.createGroupGroup" >
    <csvuser></csvuser>
    <csvparentGroupName>1424</csvparentGroupName>
    <csvchildGroupName>1430</csvchildGroupName>
    <csvparentDirectoryService></csvparentDirectoryService>
    <csvchildDirectoryService></csvchildDirectoryService>
</csvGroupGroup>

<csvGroupGroup handler="wt.org.LoadPrincipal.createGroupGroup" >
    <csvuser></csvuser>
    <csvparentGroupName>1432</csvparentGroupName>
    <csvchildGroupName>1433</csvchildGroupName>
    <csvparentDirectoryService></csvparentDirectoryService>
    <csvchildDirectoryService></csvchildDirectoryService>
</csvGroupGroup>

<csvGroupGroup handler="wt.org.LoadPrincipal.createGroupGroup" >
    <csvuser></csvuser>
    <csvparentGroupName>1432</csvparentGroupName>
    <csvchildGroupName>1500</csvchildGroupName>
    <csvparentDirectoryService></csvparentDirectoryService>
    <csvchildDirectoryService></csvchildDirectoryService>
</csvGroupGroup>

<csvGroupGroup handler="wt.org.LoadPrincipal.createGroupGroup" >
    <csvuser></csvuser>
    <csvparentGroupName>1432</csvparentGroupName>
    <csvchildGroupName>1501</csvchildGroupName>
    <csvparentDirectoryService></csvparentDirectoryService>
    <csvchildDirectoryService></csvchildDirectoryService>
</csvGroupGroup>

<csvGroupGroup handler="wt.org.LoadPrincipal.createGroupGroup" >
    <csvuser></csvuser>
    <csvparentGroupName>1446</csvparentGroupName>
    <csvchildGroupName>1447</csvchildGroupName>
    <csvparentDirectoryService></csvparentDirectoryService>
    <csvchildDirectoryService></csvchildDirectoryService>
</csvGroupGroup>

<csvGroupGroup handler="wt.org.LoadPrincipal.createGroupGroup" >
    <csvuser></csvuser>
    <csvparentGroupName>1446</csvparentGroupName>
    <csvchildGroupName>1448</csvchildGroupName>
    <csvparentDirectoryService></csvparentDirectoryService>
    <csvchildDirectoryService></csvchildDirectoryService>
</csvGroupGroup>

<csvGroupGroup handler="wt.org.LoadPrincipal.createGroupGroup" >
    <csvuser></csvuser>
    <csvparentGroupName>1446</csvparentGroupName>
    <csvchildGroupName>1502</csvchildGroupName>
    <csvparentDirectoryService></csvparentDirectoryService>
    <csvchildDirectoryService></csvchildDirectoryService>
</csvGroupGroup>

<csvGroupGroup handler="wt.org.LoadPrincipal.createGroupGroup" >
    <csvuser></csvuser>
    <csvparentGroupName>1446</csvparentGroupName>
    <csvchildGroupName>1503</csvchildGroupName>
    <csvparentDirectoryService></csvparentDirectoryService>
    <csvchildDirectoryService></csvchildDirectoryService>
</csvGroupGroup>

<csvGroupGroup handler="wt.org.LoadPrincipal.createGroupGroup" >
    <csvuser></csvuser>
    <csvparentGroupName>1497</csvparentGroupName>
    <csvchildGroupName>1498</csvchildGroupName>
    <csvparentDirectoryService></csvparentDirectoryService>
    <csvchildDirectoryService></csvchildDirectoryService>
</csvGroupGroup>

<csvGroupGroup handler="wt.org.LoadPrincipal.createGroupGroup" >
    <csvuser></csvuser>
    <csvparentGroupName>1497</csvparentGroupName>
    <csvchildGroupName>1499</csvchildGroupName>
    <csvparentDirectoryService></csvparentDirectoryService>
    <csvchildDirectoryService></csvchildDirectoryService>
</csvGroupGroup>

<csvGroupGroup handler="wt.org.LoadPrincipal.createGroupGroup" >
    <csvuser></csvuser>
    <csvparentGroupName>110</csvparentGroupName>
    <csvchildGroupName>2000</csvchildGroupName>
    <csvparentDirectoryService></csvparentDirectoryService>
    <csvchildDirectoryService></csvchildDirectoryService>
</csvGroupGroup>

</NmLoader>