<?xml version="1.0" ?><!DOCTYPE NmLoader SYSTEM "standardX10.dtd">
<NmLoader>
<csvGroup handler="wt.load.LoadUser.createGroup" >
    <csvuser></csvuser>
    <csvgroupName>110</csvgroupName>
    <csvdescription>PSK</csvdescription>
    <csvDirectoryService>PSK</csvDirectoryService>
</csvGroup>

<csvGroup handler="wt.load.LoadUser.createGroup" >
    <csvuser></csvuser>
    <csvgroupName>1421</csvgroupName>
    <csvdescription>대표이사</csvdescription>
    <csvDirectoryService>PSK</csvDirectoryService>
</csvGroup>

<csvGroup handler="wt.load.LoadUser.createGroup" >
    <csvuser></csvuser>
    <csvgroupName>1422</csvgroupName>
    <csvdescription>감사</csvdescription>
    <csvDirectoryService>PSK</csvDirectoryService>
</csvGroup>

<csvGroup handler="wt.load.LoadUser.createGroup" >
    <csvuser></csvuser>
    <csvgroupName>1423</csvgroupName>
    <csvdescription>고문</csvdescription>
    <csvDirectoryService>PSK</csvDirectoryService>
</csvGroup>

<csvGroup handler="wt.load.LoadUser.createGroup" >
    <csvuser></csvuser>
    <csvgroupName>1424</csvgroupName>
    <csvdescription>마케팅본부</csvdescription>
    <csvDirectoryService>PSK</csvDirectoryService>
</csvGroup>

<csvGroup handler="wt.load.LoadUser.createGroup" >
    <csvuser></csvuser>
    <csvgroupName>1425</csvgroupName>
    <csvdescription>SA1팀</csvdescription>
    <csvDirectoryService>PSK</csvDirectoryService>
</csvGroup>

<csvGroup handler="wt.load.LoadUser.createGroup" >
    <csvuser></csvuser>
    <csvgroupName>1426</csvgroupName>
    <csvdescription>SA2팀</csvdescription>
    <csvDirectoryService>PSK</csvDirectoryService>
</csvGroup>

<csvGroup handler="wt.load.LoadUser.createGroup" >
    <csvuser></csvuser>
    <csvgroupName>1427</csvgroupName>
    <csvdescription>WCS팀</csvdescription>
    <csvDirectoryService>PSK</csvDirectoryService>
</csvGroup>

<csvGroup handler="wt.load.LoadUser.createGroup" >
    <csvuser></csvuser>
    <csvgroupName>1428</csvgroupName>
    <csvdescription>PAS팀</csvdescription>
    <csvDirectoryService>PSK</csvDirectoryService>
</csvGroup>

<csvGroup handler="wt.load.LoadUser.createGroup" >
    <csvuser></csvuser>
    <csvgroupName>1429</csvgroupName>
    <csvdescription>LCD팀</csvdescription>
    <csvDirectoryService>PSK</csvDirectoryService>
</csvGroup>

<csvGroup handler="wt.load.LoadUser.createGroup" >
    <csvuser></csvuser>
    <csvgroupName>1430</csvgroupName>
    <csvdescription>전략마케팅팀</csvdescription>
    <csvDirectoryService>PSK</csvDirectoryService>
</csvGroup>

<csvGroup handler="wt.load.LoadUser.createGroup" >
    <csvuser></csvuser>
    <csvgroupName>1432</csvgroupName>
    <csvdescription>부설연구소</csvdescription>
    <csvDirectoryService>PSK</csvDirectoryService>
</csvGroup>

<csvGroup handler="wt.load.LoadUser.createGroup" >
    <csvuser></csvuser>
    <csvgroupName>1433</csvgroupName>
    <csvdescription>기술1팀</csvdescription>
    <csvDirectoryService>PSK</csvDirectoryService>
</csvGroup>

<csvGroup handler="wt.load.LoadUser.createGroup" >
    <csvuser></csvuser>
    <csvgroupName>1446</csvgroupName>
    <csvdescription>기획관리본부</csvdescription>
    <csvDirectoryService>PSK</csvDirectoryService>
</csvGroup>

<csvGroup handler="wt.load.LoadUser.createGroup" >
    <csvuser></csvuser>
    <csvgroupName>1447</csvgroupName>
    <csvdescription>전략기획팀</csvdescription>
    <csvDirectoryService>PSK</csvDirectoryService>
</csvGroup>

<csvGroup handler="wt.load.LoadUser.createGroup" >
    <csvuser></csvuser>
    <csvgroupName>1448</csvgroupName>
    <csvdescription>품질경영팀</csvdescription>
    <csvDirectoryService>PSK</csvDirectoryService>
</csvGroup>

<csvGroup handler="wt.load.LoadUser.createGroup" >
    <csvuser></csvuser>
    <csvgroupName>1497</csvgroupName>
    <csvdescription>경영관리본부</csvdescription>
    <csvDirectoryService>PSK</csvDirectoryService>
</csvGroup>

<csvGroup handler="wt.load.LoadUser.createGroup" >
    <csvuser></csvuser>
    <csvgroupName>1498</csvgroupName>
    <csvdescription>경영지원팀</csvdescription>
    <csvDirectoryService>PSK</csvDirectoryService>
</csvGroup>

<csvGroup handler="wt.load.LoadUser.createGroup" >
    <csvuser></csvuser>
    <csvgroupName>1499</csvgroupName>
    <csvdescription>재무기획팀</csvdescription>
    <csvDirectoryService>PSK</csvDirectoryService>
</csvGroup>

<csvGroup handler="wt.load.LoadUser.createGroup" >
    <csvuser></csvuser>
    <csvgroupName>1500</csvgroupName>
    <csvdescription>기술2팀</csvdescription>
    <csvDirectoryService>PSK</csvDirectoryService>
</csvGroup>

<csvGroup handler="wt.load.LoadUser.createGroup" >
    <csvuser></csvuser>
    <csvgroupName>1501</csvgroupName>
    <csvdescription>전략기술팀</csvdescription>
    <csvDirectoryService>PSK</csvDirectoryService>
</csvGroup>

<csvGroup handler="wt.load.LoadUser.createGroup" >
    <csvuser></csvuser>
    <csvgroupName>1502</csvgroupName>
    <csvdescription>구매팀</csvdescription>
    <csvDirectoryService>PSK</csvDirectoryService>
</csvGroup>

<csvGroup handler="wt.load.LoadUser.createGroup" >
    <csvuser></csvuser>
    <csvgroupName>1503</csvgroupName>
    <csvdescription>기술경영팀</csvdescription>
    <csvDirectoryService>PSK</csvDirectoryService>
</csvGroup>

<csvGroup handler="wt.load.LoadUser.createGroup" >
    <csvuser></csvuser>
    <csvgroupName>3000</csvgroupName>
    <csvdescription>협력업체</csvdescription>
    <csvDirectoryService>PSK</csvDirectoryService>
</csvGroup>

<csvGroup handler="wt.load.LoadUser.createGroup" >
    <csvuser></csvuser>
    <csvgroupName>3010</csvgroupName>
    <csvdescription>가공</csvdescription>
    <csvDirectoryService>PSK</csvDirectoryService>
</csvGroup>

<csvGroup handler="wt.load.LoadUser.createGroup" >
    <csvuser></csvuser>
    <csvgroupName>3020</csvgroupName>
    <csvdescription>판금</csvdescription>
    <csvDirectoryService>PSK</csvDirectoryService>
</csvGroup>

<csvGroup handler="wt.load.LoadUser.createGroup" >
    <csvuser></csvuser>
    <csvgroupName>3030</csvgroupName>
    <csvdescription>제관</csvdescription>
    <csvDirectoryService>PSK</csvDirectoryService>
</csvGroup>

<csvGroup handler="wt.load.LoadUser.createGroup" >
    <csvuser></csvuser>
    <csvgroupName>3040</csvgroupName>
    <csvdescription>수지</csvdescription>
    <csvDirectoryService>PSK</csvDirectoryService>
</csvGroup>

<csvGroup handler="wt.load.LoadUser.createGroup" >
    <csvuser></csvuser>
    <csvgroupName>3050</csvgroupName>
    <csvdescription>세라믹</csvdescription>
    <csvDirectoryService>PSK</csvDirectoryService>
</csvGroup>

<csvGroup handler="wt.load.LoadUser.createGroup" >
    <csvuser></csvuser>
    <csvgroupName>3060</csvgroupName>
    <csvdescription>배관</csvdescription>
    <csvDirectoryService>PSK</csvDirectoryService>
</csvGroup>

<csvGroup handler="wt.load.LoadUser.createGroup" >
    <csvuser></csvuser>
    <csvgroupName>3070</csvgroupName>
    <csvdescription>조립도</csvdescription>
    <csvDirectoryService>PSK</csvDirectoryService>
</csvGroup>

<csvGroup handler="wt.load.LoadUser.createGroup" >
    <csvuser></csvuser>
    <csvgroupName>3080</csvgroupName>
    <csvdescription>회로도</csvdescription>
    <csvDirectoryService>PSK</csvDirectoryService>
</csvGroup>

<csvGroup handler="wt.load.LoadUser.createGroup" >
    <csvuser></csvuser>
    <csvgroupName>2000</csvgroupName>
    <csvdescription>PLM관리</csvdescription>
    <csvDirectoryService>PSK</csvDirectoryService>
</csvGroup>

<csvGroup handler="wt.load.LoadUser.createGroup" >
    <csvuser></csvuser>
    <csvgroupName>3090</csvgroupName>
    <csvdescription>쿼츠</csvdescription>
    <csvDirectoryService>PSK</csvDirectoryService>
</csvGroup>

</NmLoader>