<?xml version="1.0" ?><!DOCTYPE NmLoader SYSTEM "standardX10.dtd">
<NmLoader>
<csvGroup handler="wt.load.LoadUser.createGroup" >
    <csvuser></csvuser>
    <csvgroupName>PSK-Root</csvgroupName>
    <csvdescription>PSK-Root</csvdescription>
    <csvDirectoryService>PSK</csvDirectoryService>
</csvGroup>

<csvGroupGroup handler="wt.org.LoadPrincipal.createGroupGroup" >
    <csvuser></csvuser>
    <csvparentGroupName>PSK-Root</csvparentGroupName>
    <csvchildGroupName>110</csvchildGroupName>
    <csvparentDirectoryService></csvparentDirectoryService>
    <csvchildDirectoryService></csvchildDirectoryService>
</csvGroupGroup>

</NmLoader>