<?xml version="1.0" ?><!DOCTYPE NmLoader SYSTEM "standardX10.dtd">
<NmLoader>
<csvUserGroup handler="wt.load.LoadUser.createUserGroup" >
    <csvuser></csvuser>
    <csvgroupName>1429</csvgroupName>
    <csvuserName>204049</csvuserName>
    <csvDirectoryService></csvDirectoryService>
</csvUserGroup>

<csvUserGroup handler="wt.load.LoadUser.createUserGroup" >
    <csvuser></csvuser>
    <csvgroupName>1498</csvgroupName>
    <csvuserName>202009</csvuserName>
    <csvDirectoryService></csvDirectoryService>
</csvUserGroup>

<csvUserGroup handler="wt.load.LoadUser.createUserGroup" >
    <csvuser></csvuser>
    <csvgroupName>1429</csvgroupName>
    <csvuserName>193001</csvuserName>
    <csvDirectoryService></csvDirectoryService>
</csvUserGroup>

<csvUserGroup handler="wt.load.LoadUser.createUserGroup" >
    <csvuser></csvuser>
    <csvgroupName>1428</csvgroupName>
    <csvuserName>203027</csvuserName>
    <csvDirectoryService></csvDirectoryService>
</csvUserGroup>

<csvUserGroup handler="wt.load.LoadUser.createUserGroup" >
    <csvuser></csvuser>
    <csvgroupName>1502</csvgroupName>
    <csvuserName>206043</csvuserName>
    <csvDirectoryService></csvDirectoryService>
</csvUserGroup>

<csvUserGroup handler="wt.load.LoadUser.createUserGroup" >
    <csvuser></csvuser>
    <csvgroupName>1433</csvgroupName>
    <csvuserName>206013</csvuserName>
    <csvDirectoryService></csvDirectoryService>
</csvUserGroup>

<csvUserGroup handler="wt.load.LoadUser.createUserGroup" >
    <csvuser></csvuser>
    <csvgroupName>1428</csvgroupName>
    <csvuserName>194002</csvuserName>
    <csvDirectoryService></csvDirectoryService>
</csvUserGroup>

<csvUserGroup handler="wt.load.LoadUser.createUserGroup" >
    <csvuser></csvuser>
    <csvgroupName>1501</csvgroupName>
    <csvuserName>205002</csvuserName>
    <csvDirectoryService></csvDirectoryService>
</csvUserGroup>

<csvUserGroup handler="wt.load.LoadUser.createUserGroup" >
    <csvuser></csvuser>
    <csvgroupName>1433</csvgroupName>
    <csvuserName>203037</csvuserName>
    <csvDirectoryService></csvDirectoryService>
</csvUserGroup>

<csvUserGroup handler="wt.load.LoadUser.createUserGroup" >
    <csvuser></csvuser>
    <csvgroupName>1426</csvgroupName>
    <csvuserName>203023</csvuserName>
    <csvDirectoryService></csvDirectoryService>
</csvUserGroup>

<csvUserGroup handler="wt.load.LoadUser.createUserGroup" >
    <csvuser></csvuser>
    <csvgroupName>1501</csvgroupName>
    <csvuserName>206053</csvuserName>
    <csvDirectoryService></csvDirectoryService>
</csvUserGroup>

<csvUserGroup handler="wt.load.LoadUser.createUserGroup" >
    <csvuser></csvuser>
    <csvgroupName>1427</csvgroupName>
    <csvuserName>206066</csvuserName>
    <csvDirectoryService></csvDirectoryService>
</csvUserGroup>

<csvUserGroup handler="wt.load.LoadUser.createUserGroup" >
    <csvuser></csvuser>
    <csvgroupName>1499</csvgroupName>
    <csvuserName>206078</csvuserName>
    <csvDirectoryService></csvDirectoryService>
</csvUserGroup>

<csvUserGroup handler="wt.load.LoadUser.createUserGroup" >
    <csvuser></csvuser>
    <csvgroupName>1427</csvgroupName>
    <csvuserName>206067</csvuserName>
    <csvDirectoryService></csvDirectoryService>
</csvUserGroup>

<csvUserGroup handler="wt.load.LoadUser.createUserGroup" >
    <csvuser></csvuser>
    <csvgroupName>1427</csvgroupName>
    <csvuserName>206005</csvuserName>
    <csvDirectoryService></csvDirectoryService>
</csvUserGroup>

<csvUserGroup handler="wt.load.LoadUser.createUserGroup" >
    <csvuser></csvuser>
    <csvgroupName>1503</csvgroupName>
    <csvuserName>206030</csvuserName>
    <csvDirectoryService></csvDirectoryService>
</csvUserGroup>

<csvUserGroup handler="wt.load.LoadUser.createUserGroup" >
    <csvuser></csvuser>
    <csvgroupName>1427</csvgroupName>
    <csvuserName>203047</csvuserName>
    <csvDirectoryService></csvDirectoryService>
</csvUserGroup>

<csvUserGroup handler="wt.load.LoadUser.createUserGroup" >
    <csvuser></csvuser>
    <csvgroupName>1427</csvgroupName>
    <csvuserName>204032</csvuserName>
    <csvDirectoryService></csvDirectoryService>
</csvUserGroup>

<csvUserGroup handler="wt.load.LoadUser.createUserGroup" >
    <csvuser></csvuser>
    <csvgroupName>1433</csvgroupName>
    <csvuserName>200013</csvuserName>
    <csvDirectoryService></csvDirectoryService>
</csvUserGroup>

<csvUserGroup handler="wt.load.LoadUser.createUserGroup" >
    <csvuser></csvuser>
    <csvgroupName>1502</csvgroupName>
    <csvuserName>202018</csvuserName>
    <csvDirectoryService></csvDirectoryService>
</csvUserGroup>

<csvUserGroup handler="wt.load.LoadUser.createUserGroup" >
    <csvuser></csvuser>
    <csvgroupName>1429</csvgroupName>
    <csvuserName>203039</csvuserName>
    <csvDirectoryService></csvDirectoryService>
</csvUserGroup>

<csvUserGroup handler="wt.load.LoadUser.createUserGroup" >
    <csvuser></csvuser>
    <csvgroupName>1433</csvgroupName>
    <csvuserName>204008</csvuserName>
    <csvDirectoryService></csvDirectoryService>
</csvUserGroup>

<csvUserGroup handler="wt.load.LoadUser.createUserGroup" >
    <csvuser></csvuser>
    <csvgroupName>1501</csvgroupName>
    <csvuserName>200029</csvuserName>
    <csvDirectoryService></csvDirectoryService>
</csvUserGroup>

<csvUserGroup handler="wt.load.LoadUser.createUserGroup" >
    <csvuser></csvuser>
    <csvgroupName>1500</csvgroupName>
    <csvuserName>206044</csvuserName>
    <csvDirectoryService></csvDirectoryService>
</csvUserGroup>

<csvUserGroup handler="wt.load.LoadUser.createUserGroup" >
    <csvuser></csvuser>
    <csvgroupName>1498</csvgroupName>
    <csvuserName>206054</csvuserName>
    <csvDirectoryService></csvDirectoryService>
</csvUserGroup>

<csvUserGroup handler="wt.load.LoadUser.createUserGroup" >
    <csvuser></csvuser>
    <csvgroupName>1433</csvgroupName>
    <csvuserName>202010</csvuserName>
    <csvDirectoryService></csvDirectoryService>
</csvUserGroup>

<csvUserGroup handler="wt.load.LoadUser.createUserGroup" >
    <csvuser></csvuser>
    <csvgroupName>1501</csvgroupName>
    <csvuserName>205018</csvuserName>
    <csvDirectoryService></csvDirectoryService>
</csvUserGroup>

<csvUserGroup handler="wt.load.LoadUser.createUserGroup" >
    <csvuser></csvuser>
    <csvgroupName>1500</csvgroupName>
    <csvuserName>206020</csvuserName>
    <csvDirectoryService></csvDirectoryService>
</csvUserGroup>

<csvUserGroup handler="wt.load.LoadUser.createUserGroup" >
    <csvuser></csvuser>
    <csvgroupName>1448</csvgroupName>
    <csvuserName>204011</csvuserName>
    <csvDirectoryService></csvDirectoryService>
</csvUserGroup>

<csvUserGroup handler="wt.load.LoadUser.createUserGroup" >
    <csvuser></csvuser>
    <csvgroupName>1501</csvgroupName>
    <csvuserName>206064</csvuserName>
    <csvDirectoryService></csvDirectoryService>
</csvUserGroup>

<csvUserGroup handler="wt.load.LoadUser.createUserGroup" >
    <csvuser></csvuser>
    <csvgroupName>1500</csvgroupName>
    <csvuserName>199010</csvuserName>
    <csvDirectoryService></csvDirectoryService>
</csvUserGroup>

<csvUserGroup handler="wt.load.LoadUser.createUserGroup" >
    <csvuser></csvuser>
    <csvgroupName>1500</csvgroupName>
    <csvuserName>206063</csvuserName>
    <csvDirectoryService></csvDirectoryService>
</csvUserGroup>

<csvUserGroup handler="wt.load.LoadUser.createUserGroup" >
    <csvuser></csvuser>
    <csvgroupName>1433</csvgroupName>
    <csvuserName>203004</csvuserName>
    <csvDirectoryService></csvDirectoryService>
</csvUserGroup>

<csvUserGroup handler="wt.load.LoadUser.createUserGroup" >
    <csvuser></csvuser>
    <csvgroupName>1502</csvgroupName>
    <csvuserName>195002</csvuserName>
    <csvDirectoryService></csvDirectoryService>
</csvUserGroup>

<csvUserGroup handler="wt.load.LoadUser.createUserGroup" >
    <csvuser></csvuser>
    <csvgroupName>1427</csvgroupName>
    <csvuserName>206039</csvuserName>
    <csvDirectoryService></csvDirectoryService>
</csvUserGroup>

<csvUserGroup handler="wt.load.LoadUser.createUserGroup" >
    <csvuser></csvuser>
    <csvgroupName>1424</csvgroupName>
    <csvuserName>201006</csvuserName>
    <csvDirectoryService></csvDirectoryService>
</csvUserGroup>

<csvUserGroup handler="wt.load.LoadUser.createUserGroup" >
    <csvuser></csvuser>
    <csvgroupName>1447</csvgroupName>
    <csvuserName>206055</csvuserName>
    <csvDirectoryService></csvDirectoryService>
</csvUserGroup>

<csvUserGroup handler="wt.load.LoadUser.createUserGroup" >
    <csvuser></csvuser>
    <csvgroupName>1433</csvgroupName>
    <csvuserName>199007</csvuserName>
    <csvDirectoryService></csvDirectoryService>
</csvUserGroup>

<csvUserGroup handler="wt.load.LoadUser.createUserGroup" >
    <csvuser></csvuser>
    <csvgroupName>1427</csvgroupName>
    <csvuserName>206038</csvuserName>
    <csvDirectoryService></csvDirectoryService>
</csvUserGroup>

<csvUserGroup handler="wt.load.LoadUser.createUserGroup" >
    <csvuser></csvuser>
    <csvgroupName>1502</csvgroupName>
    <csvuserName>202006</csvuserName>
    <csvDirectoryService></csvDirectoryService>
</csvUserGroup>

<csvUserGroup handler="wt.load.LoadUser.createUserGroup" >
    <csvuser></csvuser>
    <csvgroupName>1428</csvgroupName>
    <csvuserName>206077</csvuserName>
    <csvDirectoryService></csvDirectoryService>
</csvUserGroup>

<csvUserGroup handler="wt.load.LoadUser.createUserGroup" >
    <csvuser></csvuser>
    <csvgroupName>1430</csvgroupName>
    <csvuserName>206065</csvuserName>
    <csvDirectoryService></csvDirectoryService>
</csvUserGroup>

<csvUserGroup handler="wt.load.LoadUser.createUserGroup" >
    <csvuser></csvuser>
    <csvgroupName>1433</csvgroupName>
    <csvuserName>204039</csvuserName>
    <csvDirectoryService></csvDirectoryService>
</csvUserGroup>

<csvUserGroup handler="wt.load.LoadUser.createUserGroup" >
    <csvuser></csvuser>
    <csvgroupName>1427</csvgroupName>
    <csvuserName>203001</csvuserName>
    <csvDirectoryService></csvDirectoryService>
</csvUserGroup>

<csvUserGroup handler="wt.load.LoadUser.createUserGroup" >
    <csvuser></csvuser>
    <csvgroupName>1498</csvgroupName>
    <csvuserName>206026</csvuserName>
    <csvDirectoryService></csvDirectoryService>
</csvUserGroup>

<csvUserGroup handler="wt.load.LoadUser.createUserGroup" >
    <csvuser></csvuser>
    <csvgroupName>1427</csvgroupName>
    <csvuserName>200017</csvuserName>
    <csvDirectoryService></csvDirectoryService>
</csvUserGroup>

<csvUserGroup handler="wt.load.LoadUser.createUserGroup" >
    <csvuser></csvuser>
    <csvgroupName>1427</csvgroupName>
    <csvuserName>206073</csvuserName>
    <csvDirectoryService></csvDirectoryService>
</csvUserGroup>

<csvUserGroup handler="wt.load.LoadUser.createUserGroup" >
    <csvuser></csvuser>
    <csvgroupName>1427</csvgroupName>
    <csvuserName>206006</csvuserName>
    <csvDirectoryService></csvDirectoryService>
</csvUserGroup>

<csvUserGroup handler="wt.load.LoadUser.createUserGroup" >
    <csvuser></csvuser>
    <csvgroupName>1502</csvgroupName>
    <csvuserName>200039</csvuserName>
    <csvDirectoryService></csvDirectoryService>
</csvUserGroup>

<csvUserGroup handler="wt.load.LoadUser.createUserGroup" >
    <csvuser></csvuser>
    <csvgroupName>1433</csvgroupName>
    <csvuserName>206029</csvuserName>
    <csvDirectoryService></csvDirectoryService>
</csvUserGroup>

<csvUserGroup handler="wt.load.LoadUser.createUserGroup" >
    <csvuser></csvuser>
    <csvgroupName>1430</csvgroupName>
    <csvuserName>200008</csvuserName>
    <csvDirectoryService></csvDirectoryService>
</csvUserGroup>

<csvUserGroup handler="wt.load.LoadUser.createUserGroup" >
    <csvuser></csvuser>
    <csvgroupName>1430</csvgroupName>
    <csvuserName>206033</csvuserName>
    <csvDirectoryService></csvDirectoryService>
</csvUserGroup>

<csvUserGroup handler="wt.load.LoadUser.createUserGroup" >
    <csvuser></csvuser>
    <csvgroupName>1433</csvgroupName>
    <csvuserName>204001</csvuserName>
    <csvDirectoryService></csvDirectoryService>
</csvUserGroup>

<csvUserGroup handler="wt.load.LoadUser.createUserGroup" >
    <csvuser></csvuser>
    <csvgroupName>1498</csvgroupName>
    <csvuserName>206003</csvuserName>
    <csvDirectoryService></csvDirectoryService>
</csvUserGroup>

<csvUserGroup handler="wt.load.LoadUser.createUserGroup" >
    <csvuser></csvuser>
    <csvgroupName>1500</csvgroupName>
    <csvuserName>206062</csvuserName>
    <csvDirectoryService></csvDirectoryService>
</csvUserGroup>

<csvUserGroup handler="wt.load.LoadUser.createUserGroup" >
    <csvuser></csvuser>
    <csvgroupName>1500</csvgroupName>
    <csvuserName>205005</csvuserName>
    <csvDirectoryService></csvDirectoryService>
</csvUserGroup>

<csvUserGroup handler="wt.load.LoadUser.createUserGroup" >
    <csvuser></csvuser>
    <csvgroupName>1430</csvgroupName>
    <csvuserName>206002</csvuserName>
    <csvDirectoryService></csvDirectoryService>
</csvUserGroup>

<csvUserGroup handler="wt.load.LoadUser.createUserGroup" >
    <csvuser></csvuser>
    <csvgroupName>1427</csvgroupName>
    <csvuserName>206034</csvuserName>
    <csvDirectoryService></csvDirectoryService>
</csvUserGroup>

<csvUserGroup handler="wt.load.LoadUser.createUserGroup" >
    <csvuser></csvuser>
    <csvgroupName>1500</csvgroupName>
    <csvuserName>204048</csvuserName>
    <csvDirectoryService></csvDirectoryService>
</csvUserGroup>

<csvUserGroup handler="wt.load.LoadUser.createUserGroup" >
    <csvuser></csvuser>
    <csvgroupName>1433</csvgroupName>
    <csvuserName>206027</csvuserName>
    <csvDirectoryService></csvDirectoryService>
</csvUserGroup>

<csvUserGroup handler="wt.load.LoadUser.createUserGroup" >
    <csvuser></csvuser>
    <csvgroupName>1433</csvgroupName>
    <csvuserName>197003</csvuserName>
    <csvDirectoryService></csvDirectoryService>
</csvUserGroup>

<csvUserGroup handler="wt.load.LoadUser.createUserGroup" >
    <csvuser></csvuser>
    <csvgroupName>1498</csvgroupName>
    <csvuserName>202016</csvuserName>
    <csvDirectoryService></csvDirectoryService>
</csvUserGroup>

<csvUserGroup handler="wt.load.LoadUser.createUserGroup" >
    <csvuser></csvuser>
    <csvgroupName>1427</csvgroupName>
    <csvuserName>203044</csvuserName>
    <csvDirectoryService></csvDirectoryService>
</csvUserGroup>

<csvUserGroup handler="wt.load.LoadUser.createUserGroup" >
    <csvuser></csvuser>
    <csvgroupName>1433</csvgroupName>
    <csvuserName>206059</csvuserName>
    <csvDirectoryService></csvDirectoryService>
</csvUserGroup>

<csvUserGroup handler="wt.load.LoadUser.createUserGroup" >
    <csvuser></csvuser>
    <csvgroupName>1498</csvgroupName>
    <csvuserName>206081</csvuserName>
    <csvDirectoryService></csvDirectoryService>
</csvUserGroup>

<csvUserGroup handler="wt.load.LoadUser.createUserGroup" >
    <csvuser></csvuser>
    <csvgroupName>1427</csvgroupName>
    <csvuserName>194001</csvuserName>
    <csvDirectoryService></csvDirectoryService>
</csvUserGroup>

<csvUserGroup handler="wt.load.LoadUser.createUserGroup" >
    <csvuser></csvuser>
    <csvgroupName>1425</csvgroupName>
    <csvuserName>198002</csvuserName>
    <csvDirectoryService></csvDirectoryService>
</csvUserGroup>

<csvUserGroup handler="wt.load.LoadUser.createUserGroup" >
    <csvuser></csvuser>
    <csvgroupName>1433</csvgroupName>
    <csvuserName>206047</csvuserName>
    <csvDirectoryService></csvDirectoryService>
</csvUserGroup>

<csvUserGroup handler="wt.load.LoadUser.createUserGroup" >
    <csvuser></csvuser>
    <csvgroupName>1427</csvgroupName>
    <csvuserName>205013</csvuserName>
    <csvDirectoryService></csvDirectoryService>
</csvUserGroup>

<csvUserGroup handler="wt.load.LoadUser.createUserGroup" >
    <csvuser></csvuser>
    <csvgroupName>1427</csvgroupName>
    <csvuserName>206074</csvuserName>
    <csvDirectoryService></csvDirectoryService>
</csvUserGroup>

<csvUserGroup handler="wt.load.LoadUser.createUserGroup" >
    <csvuser></csvuser>
    <csvgroupName>1432</csvgroupName>
    <csvuserName>195001</csvuserName>
    <csvDirectoryService></csvDirectoryService>
</csvUserGroup>

<csvUserGroup handler="wt.load.LoadUser.createUserGroup" >
    <csvuser></csvuser>
    <csvgroupName>1428</csvgroupName>
    <csvuserName>204006</csvuserName>
    <csvDirectoryService></csvDirectoryService>
</csvUserGroup>

<csvUserGroup handler="wt.load.LoadUser.createUserGroup" >
    <csvuser></csvuser>
    <csvgroupName>1500</csvgroupName>
    <csvuserName>197002</csvuserName>
    <csvDirectoryService></csvDirectoryService>
</csvUserGroup>

<csvUserGroup handler="wt.load.LoadUser.createUserGroup" >
    <csvuser></csvuser>
    <csvgroupName>1427</csvgroupName>
    <csvuserName>203049</csvuserName>
    <csvDirectoryService></csvDirectoryService>
</csvUserGroup>

<csvUserGroup handler="wt.load.LoadUser.createUserGroup" >
    <csvuser></csvuser>
    <csvgroupName>1503</csvgroupName>
    <csvuserName>204051</csvuserName>
    <csvDirectoryService></csvDirectoryService>
</csvUserGroup>

<csvUserGroup handler="wt.load.LoadUser.createUserGroup" >
    <csvuser></csvuser>
    <csvgroupName>1433</csvgroupName>
    <csvuserName>203020</csvuserName>
    <csvDirectoryService></csvDirectoryService>
</csvUserGroup>

<csvUserGroup handler="wt.load.LoadUser.createUserGroup" >
    <csvuser></csvuser>
    <csvgroupName>1500</csvgroupName>
    <csvuserName>206061</csvuserName>
    <csvDirectoryService></csvDirectoryService>
</csvUserGroup>

<csvUserGroup handler="wt.load.LoadUser.createUserGroup" >
    <csvuser></csvuser>
    <csvgroupName>1429</csvgroupName>
    <csvuserName>204047</csvuserName>
    <csvDirectoryService></csvDirectoryService>
</csvUserGroup>

<csvUserGroup handler="wt.load.LoadUser.createUserGroup" >
    <csvuser></csvuser>
    <csvgroupName>1502</csvgroupName>
    <csvuserName>206037</csvuserName>
    <csvDirectoryService></csvDirectoryService>
</csvUserGroup>

<csvUserGroup handler="wt.load.LoadUser.createUserGroup" >
    <csvuser></csvuser>
    <csvgroupName>1430</csvgroupName>
    <csvuserName>206010</csvuserName>
    <csvDirectoryService></csvDirectoryService>
</csvUserGroup>

<csvUserGroup handler="wt.load.LoadUser.createUserGroup" >
    <csvuser></csvuser>
    <csvgroupName>1433</csvgroupName>
    <csvuserName>206051</csvuserName>
    <csvDirectoryService></csvDirectoryService>
</csvUserGroup>

<csvUserGroup handler="wt.load.LoadUser.createUserGroup" >
    <csvuser></csvuser>
    <csvgroupName>1433</csvgroupName>
    <csvuserName>206036</csvuserName>
    <csvDirectoryService></csvDirectoryService>
</csvUserGroup>

<csvUserGroup handler="wt.load.LoadUser.createUserGroup" >
    <csvuser></csvuser>
    <csvgroupName>1503</csvgroupName>
    <csvuserName>205014</csvuserName>
    <csvDirectoryService></csvDirectoryService>
</csvUserGroup>

<csvUserGroup handler="wt.load.LoadUser.createUserGroup" >
    <csvuser></csvuser>
    <csvgroupName>1429</csvgroupName>
    <csvuserName>200019</csvuserName>
    <csvDirectoryService></csvDirectoryService>
</csvUserGroup>

<csvUserGroup handler="wt.load.LoadUser.createUserGroup" >
    <csvuser></csvuser>
    <csvgroupName>1502</csvgroupName>
    <csvuserName>206042</csvuserName>
    <csvDirectoryService></csvDirectoryService>
</csvUserGroup>

<csvUserGroup handler="wt.load.LoadUser.createUserGroup" >
    <csvuser></csvuser>
    <csvgroupName>1427</csvgroupName>
    <csvuserName>204042</csvuserName>
    <csvDirectoryService></csvDirectoryService>
</csvUserGroup>

<csvUserGroup handler="wt.load.LoadUser.createUserGroup" >
    <csvuser></csvuser>
    <csvgroupName>1500</csvgroupName>
    <csvuserName>197001</csvuserName>
    <csvDirectoryService></csvDirectoryService>
</csvUserGroup>

<csvUserGroup handler="wt.load.LoadUser.createUserGroup" >
    <csvuser></csvuser>
    <csvgroupName>1433</csvgroupName>
    <csvuserName>206014</csvuserName>
    <csvDirectoryService></csvDirectoryService>
</csvUserGroup>

<csvUserGroup handler="wt.load.LoadUser.createUserGroup" >
    <csvuser></csvuser>
    <csvgroupName>1430</csvgroupName>
    <csvuserName>194003</csvuserName>
    <csvDirectoryService></csvDirectoryService>
</csvUserGroup>

<csvUserGroup handler="wt.load.LoadUser.createUserGroup" >
    <csvuser></csvuser>
    <csvgroupName>1500</csvgroupName>
    <csvuserName>203032</csvuserName>
    <csvDirectoryService></csvDirectoryService>
</csvUserGroup>

<csvUserGroup handler="wt.load.LoadUser.createUserGroup" >
    <csvuser></csvuser>
    <csvgroupName>1433</csvgroupName>
    <csvuserName>206016</csvuserName>
    <csvDirectoryService></csvDirectoryService>
</csvUserGroup>

<csvUserGroup handler="wt.load.LoadUser.createUserGroup" >
    <csvuser></csvuser>
    <csvgroupName>1427</csvgroupName>
    <csvuserName>204044</csvuserName>
    <csvDirectoryService></csvDirectoryService>
</csvUserGroup>

<csvUserGroup handler="wt.load.LoadUser.createUserGroup" >
    <csvuser></csvuser>
    <csvgroupName>1427</csvgroupName>
    <csvuserName>206009</csvuserName>
    <csvDirectoryService></csvDirectoryService>
</csvUserGroup>

<csvUserGroup handler="wt.load.LoadUser.createUserGroup" >
    <csvuser></csvuser>
    <csvgroupName>1502</csvgroupName>
    <csvuserName>204012</csvuserName>
    <csvDirectoryService></csvDirectoryService>
</csvUserGroup>

<csvUserGroup handler="wt.load.LoadUser.createUserGroup" >
    <csvuser></csvuser>
    <csvgroupName>1427</csvgroupName>
    <csvuserName>200012</csvuserName>
    <csvDirectoryService></csvDirectoryService>
</csvUserGroup>

<csvUserGroup handler="wt.load.LoadUser.createUserGroup" >
    <csvuser></csvuser>
    <csvgroupName>1427</csvgroupName>
    <csvuserName>206075</csvuserName>
    <csvDirectoryService></csvDirectoryService>
</csvUserGroup>

<csvUserGroup handler="wt.load.LoadUser.createUserGroup" >
    <csvuser></csvuser>
    <csvgroupName>1427</csvgroupName>
    <csvuserName>206068</csvuserName>
    <csvDirectoryService></csvDirectoryService>
</csvUserGroup>

<csvUserGroup handler="wt.load.LoadUser.createUserGroup" >
    <csvuser></csvuser>
    <csvgroupName>1427</csvgroupName>
    <csvuserName>206071</csvuserName>
    <csvDirectoryService></csvDirectoryService>
</csvUserGroup>

<csvUserGroup handler="wt.load.LoadUser.createUserGroup" >
    <csvuser></csvuser>
    <csvgroupName>1501</csvgroupName>
    <csvuserName>203029</csvuserName>
    <csvDirectoryService></csvDirectoryService>
</csvUserGroup>

<csvUserGroup handler="wt.load.LoadUser.createUserGroup" >
    <csvuser></csvuser>
    <csvgroupName>1427</csvgroupName>
    <csvuserName>206035</csvuserName>
    <csvDirectoryService></csvDirectoryService>
</csvUserGroup>

<csvUserGroup handler="wt.load.LoadUser.createUserGroup" >
    <csvuser></csvuser>
    <csvgroupName>1427</csvgroupName>
    <csvuserName>199005</csvuserName>
    <csvDirectoryService></csvDirectoryService>
</csvUserGroup>

<csvUserGroup handler="wt.load.LoadUser.createUserGroup" >
    <csvuser></csvuser>
    <csvgroupName>1433</csvgroupName>
    <csvuserName>206048</csvuserName>
    <csvDirectoryService></csvDirectoryService>
</csvUserGroup>

<csvUserGroup handler="wt.load.LoadUser.createUserGroup" >
    <csvuser></csvuser>
    <csvgroupName>1433</csvgroupName>
    <csvuserName>206050</csvuserName>
    <csvDirectoryService></csvDirectoryService>
</csvUserGroup>

<csvUserGroup handler="wt.load.LoadUser.createUserGroup" >
    <csvuser></csvuser>
    <csvgroupName>1446</csvgroupName>
    <csvuserName>195007</csvuserName>
    <csvDirectoryService></csvDirectoryService>
</csvUserGroup>

<csvUserGroup handler="wt.load.LoadUser.createUserGroup" >
    <csvuser></csvuser>
    <csvgroupName>1500</csvgroupName>
    <csvuserName>206017</csvuserName>
    <csvDirectoryService></csvDirectoryService>
</csvUserGroup>

<csvUserGroup handler="wt.load.LoadUser.createUserGroup" >
    <csvuser></csvuser>
    <csvgroupName>1428</csvgroupName>
    <csvuserName>206041</csvuserName>
    <csvDirectoryService></csvDirectoryService>
</csvUserGroup>

<csvUserGroup handler="wt.load.LoadUser.createUserGroup" >
    <csvuser></csvuser>
    <csvgroupName>1447</csvgroupName>
    <csvuserName>203017</csvuserName>
    <csvDirectoryService></csvDirectoryService>
</csvUserGroup>

<csvUserGroup handler="wt.load.LoadUser.createUserGroup" >
    <csvuser></csvuser>
    <csvgroupName>1503</csvgroupName>
    <csvuserName>203035</csvuserName>
    <csvDirectoryService></csvDirectoryService>
</csvUserGroup>

<csvUserGroup handler="wt.load.LoadUser.createUserGroup" >
    <csvuser></csvuser>
    <csvgroupName>1433</csvgroupName>
    <csvuserName>206049</csvuserName>
    <csvDirectoryService></csvDirectoryService>
</csvUserGroup>

<csvUserGroup handler="wt.load.LoadUser.createUserGroup" >
    <csvuser></csvuser>
    <csvgroupName>1500</csvgroupName>
    <csvuserName>206024</csvuserName>
    <csvDirectoryService></csvDirectoryService>
</csvUserGroup>

<csvUserGroup handler="wt.load.LoadUser.createUserGroup" >
    <csvuser></csvuser>
    <csvgroupName>1447</csvgroupName>
    <csvuserName>204020</csvuserName>
    <csvDirectoryService></csvDirectoryService>
</csvUserGroup>

<csvUserGroup handler="wt.load.LoadUser.createUserGroup" >
    <csvuser></csvuser>
    <csvgroupName>1499</csvgroupName>
    <csvuserName>202002</csvuserName>
    <csvDirectoryService></csvDirectoryService>
</csvUserGroup>

<csvUserGroup handler="wt.load.LoadUser.createUserGroup" >
    <csvuser></csvuser>
    <csvgroupName>1497</csvgroupName>
    <csvuserName>204010</csvuserName>
    <csvDirectoryService></csvDirectoryService>
</csvUserGroup>

<csvUserGroup handler="wt.load.LoadUser.createUserGroup" >
    <csvuser></csvuser>
    <csvgroupName>1502</csvgroupName>
    <csvuserName>204052</csvuserName>
    <csvDirectoryService></csvDirectoryService>
</csvUserGroup>

<csvUserGroup handler="wt.load.LoadUser.createUserGroup" >
    <csvuser></csvuser>
    <csvgroupName>1427</csvgroupName>
    <csvuserName>206031</csvuserName>
    <csvDirectoryService></csvDirectoryService>
</csvUserGroup>

<csvUserGroup handler="wt.load.LoadUser.createUserGroup" >
    <csvuser></csvuser>
    <csvgroupName>1427</csvgroupName>
    <csvuserName>206069</csvuserName>
    <csvDirectoryService></csvDirectoryService>
</csvUserGroup>

<csvUserGroup handler="wt.load.LoadUser.createUserGroup" >
    <csvuser></csvuser>
    <csvgroupName>1433</csvgroupName>
    <csvuserName>205017</csvuserName>
    <csvDirectoryService></csvDirectoryService>
</csvUserGroup>

<csvUserGroup handler="wt.load.LoadUser.createUserGroup" >
    <csvuser></csvuser>
    <csvgroupName>1500</csvgroupName>
    <csvuserName>204037</csvuserName>
    <csvDirectoryService></csvDirectoryService>
</csvUserGroup>

<csvUserGroup handler="wt.load.LoadUser.createUserGroup" >
    <csvuser></csvuser>
    <csvgroupName>1433</csvgroupName>
    <csvuserName>199008</csvuserName>
    <csvDirectoryService></csvDirectoryService>
</csvUserGroup>

<csvUserGroup handler="wt.load.LoadUser.createUserGroup" >
    <csvuser></csvuser>
    <csvgroupName>1427</csvgroupName>
    <csvuserName>193003</csvuserName>
    <csvDirectoryService></csvDirectoryService>
</csvUserGroup>

<csvUserGroup handler="wt.load.LoadUser.createUserGroup" >
    <csvuser></csvuser>
    <csvgroupName>1447</csvgroupName>
    <csvuserName>204035</csvuserName>
    <csvDirectoryService></csvDirectoryService>
</csvUserGroup>

<csvUserGroup handler="wt.load.LoadUser.createUserGroup" >
    <csvuser></csvuser>
    <csvgroupName>1502</csvgroupName>
    <csvuserName>202017</csvuserName>
    <csvDirectoryService></csvDirectoryService>
</csvUserGroup>

<csvUserGroup handler="wt.load.LoadUser.createUserGroup" >
    <csvuser></csvuser>
    <csvgroupName>1427</csvgroupName>
    <csvuserName>206007</csvuserName>
    <csvDirectoryService></csvDirectoryService>
</csvUserGroup>

<csvUserGroup handler="wt.load.LoadUser.createUserGroup" >
    <csvuser></csvuser>
    <csvgroupName>1502</csvgroupName>
    <csvuserName>193002</csvuserName>
    <csvDirectoryService></csvDirectoryService>
</csvUserGroup>

<csvUserGroup handler="wt.load.LoadUser.createUserGroup" >
    <csvuser></csvuser>
    <csvgroupName>1448</csvgroupName>
    <csvuserName>204021</csvuserName>
    <csvDirectoryService></csvDirectoryService>
</csvUserGroup>

<csvUserGroup handler="wt.load.LoadUser.createUserGroup" >
    <csvuser></csvuser>
    <csvgroupName>1500</csvgroupName>
    <csvuserName>206056</csvuserName>
    <csvDirectoryService></csvDirectoryService>
</csvUserGroup>

<csvUserGroup handler="wt.load.LoadUser.createUserGroup" >
    <csvuser></csvuser>
    <csvgroupName>1448</csvgroupName>
    <csvuserName>205019</csvuserName>
    <csvDirectoryService></csvDirectoryService>
</csvUserGroup>

<csvUserGroup handler="wt.load.LoadUser.createUserGroup" >
    <csvuser></csvuser>
    <csvgroupName>1427</csvgroupName>
    <csvuserName>206008</csvuserName>
    <csvDirectoryService></csvDirectoryService>
</csvUserGroup>

<csvUserGroup handler="wt.load.LoadUser.createUserGroup" >
    <csvuser></csvuser>
    <csvgroupName>1428</csvgroupName>
    <csvuserName>204030</csvuserName>
    <csvDirectoryService></csvDirectoryService>
</csvUserGroup>

<csvUserGroup handler="wt.load.LoadUser.createUserGroup" >
    <csvuser></csvuser>
    <csvgroupName>1433</csvgroupName>
    <csvuserName>204040</csvuserName>
    <csvDirectoryService></csvDirectoryService>
</csvUserGroup>

<csvUserGroup handler="wt.load.LoadUser.createUserGroup" >
    <csvuser></csvuser>
    <csvgroupName>1433</csvgroupName>
    <csvuserName>206060</csvuserName>
    <csvDirectoryService></csvDirectoryService>
</csvUserGroup>

<csvUserGroup handler="wt.load.LoadUser.createUserGroup" >
    <csvuser></csvuser>
    <csvgroupName>1500</csvgroupName>
    <csvuserName>205007</csvuserName>
    <csvDirectoryService></csvDirectoryService>
</csvUserGroup>

<csvUserGroup handler="wt.load.LoadUser.createUserGroup" >
    <csvuser></csvuser>
    <csvgroupName>1429</csvgroupName>
    <csvuserName>204023</csvuserName>
    <csvDirectoryService></csvDirectoryService>
</csvUserGroup>

<csvUserGroup handler="wt.load.LoadUser.createUserGroup" >
    <csvuser></csvuser>
    <csvgroupName>1428</csvgroupName>
    <csvuserName>203050</csvuserName>
    <csvDirectoryService></csvDirectoryService>
</csvUserGroup>

<csvUserGroup handler="wt.load.LoadUser.createUserGroup" >
    <csvuser></csvuser>
    <csvgroupName>1427</csvgroupName>
    <csvuserName>203006</csvuserName>
    <csvDirectoryService></csvDirectoryService>
</csvUserGroup>

<csvUserGroup handler="wt.load.LoadUser.createUserGroup" >
    <csvuser></csvuser>
    <csvgroupName>1503</csvgroupName>
    <csvuserName>205015</csvuserName>
    <csvDirectoryService></csvDirectoryService>
</csvUserGroup>

<csvUserGroup handler="wt.load.LoadUser.createUserGroup" >
    <csvuser></csvuser>
    <csvgroupName>1433</csvgroupName>
    <csvuserName>204041</csvuserName>
    <csvDirectoryService></csvDirectoryService>
</csvUserGroup>

<csvUserGroup handler="wt.load.LoadUser.createUserGroup" >
    <csvuser></csvuser>
    <csvgroupName>1428</csvgroupName>
    <csvuserName>202013</csvuserName>
    <csvDirectoryService></csvDirectoryService>
</csvUserGroup>

<csvUserGroup handler="wt.load.LoadUser.createUserGroup" >
    <csvuser></csvuser>
    <csvgroupName>1427</csvgroupName>
    <csvuserName>206040</csvuserName>
    <csvDirectoryService></csvDirectoryService>
</csvUserGroup>

<csvUserGroup handler="wt.load.LoadUser.createUserGroup" >
    <csvuser></csvuser>
    <csvgroupName>1500</csvgroupName>
    <csvuserName>204026</csvuserName>
    <csvDirectoryService></csvDirectoryService>
</csvUserGroup>

<csvUserGroup handler="wt.load.LoadUser.createUserGroup" >
    <csvuser></csvuser>
    <csvgroupName>1503</csvgroupName>
    <csvuserName>200035</csvuserName>
    <csvDirectoryService></csvDirectoryService>
</csvUserGroup>

<csvUserGroup handler="wt.load.LoadUser.createUserGroup" >
    <csvuser></csvuser>
    <csvgroupName>1501</csvgroupName>
    <csvuserName>206032</csvuserName>
    <csvDirectoryService></csvDirectoryService>
</csvUserGroup>

<csvUserGroup handler="wt.load.LoadUser.createUserGroup" >
    <csvuser></csvuser>
    <csvgroupName>1500</csvgroupName>
    <csvuserName>206025</csvuserName>
    <csvDirectoryService></csvDirectoryService>
</csvUserGroup>

<csvUserGroup handler="wt.load.LoadUser.createUserGroup" >
    <csvuser></csvuser>
    <csvgroupName>1427</csvgroupName>
    <csvuserName>204046</csvuserName>
    <csvDirectoryService></csvDirectoryService>
</csvUserGroup>

<csvUserGroup handler="wt.load.LoadUser.createUserGroup" >
    <csvuser></csvuser>
    <csvgroupName>1502</csvgroupName>
    <csvuserName>206019</csvuserName>
    <csvDirectoryService></csvDirectoryService>
</csvUserGroup>

<csvUserGroup handler="wt.load.LoadUser.createUserGroup" >
    <csvuser></csvuser>
    <csvgroupName>1433</csvgroupName>
    <csvuserName>206046</csvuserName>
    <csvDirectoryService></csvDirectoryService>
</csvUserGroup>

<csvUserGroup handler="wt.load.LoadUser.createUserGroup" >
    <csvuser></csvuser>
    <csvgroupName>1498</csvgroupName>
    <csvuserName>204013</csvuserName>
    <csvDirectoryService></csvDirectoryService>
</csvUserGroup>

<csvUserGroup handler="wt.load.LoadUser.createUserGroup" >
    <csvuser></csvuser>
    <csvgroupName>1421</csvgroupName>
    <csvuserName>190001</csvuserName>
    <csvDirectoryService></csvDirectoryService>
</csvUserGroup>

<csvUserGroup handler="wt.load.LoadUser.createUserGroup" >
    <csvuser></csvuser>
    <csvgroupName>1427</csvgroupName>
    <csvuserName>200001</csvuserName>
    <csvDirectoryService></csvDirectoryService>
</csvUserGroup>

<csvUserGroup handler="wt.load.LoadUser.createUserGroup" >
    <csvuser></csvuser>
    <csvgroupName>1448</csvgroupName>
    <csvuserName>206018</csvuserName>
    <csvDirectoryService></csvDirectoryService>
</csvUserGroup>

<csvUserGroup handler="wt.load.LoadUser.createUserGroup" >
    <csvuser></csvuser>
    <csvgroupName>1501</csvgroupName>
    <csvuserName>207013</csvuserName>
    <csvDirectoryService></csvDirectoryService>
</csvUserGroup>

<csvUserGroup handler="wt.load.LoadUser.createUserGroup" >
    <csvuser></csvuser>
    <csvgroupName>1499</csvgroupName>
    <csvuserName>207014</csvuserName>
    <csvDirectoryService></csvDirectoryService>
</csvUserGroup>

<csvUserGroup handler="wt.load.LoadUser.createUserGroup" >
    <csvuser></csvuser>
    <csvgroupName>1427</csvgroupName>
    <csvuserName>207015</csvuserName>
    <csvDirectoryService></csvDirectoryService>
</csvUserGroup>

<csvUserGroup handler="wt.load.LoadUser.createUserGroup" >
    <csvuser></csvuser>
    <csvgroupName>1428</csvgroupName>
    <csvuserName>207016</csvuserName>
    <csvDirectoryService></csvDirectoryService>
</csvUserGroup>

<csvUserGroup handler="wt.load.LoadUser.createUserGroup" >
    <csvuser></csvuser>
    <csvgroupName>1499</csvgroupName>
    <csvuserName>207019</csvuserName>
    <csvDirectoryService></csvDirectoryService>
</csvUserGroup>

<csvUserGroup handler="wt.load.LoadUser.createUserGroup" >
    <csvuser></csvuser>
    <csvgroupName>1502</csvgroupName>
    <csvuserName>207001</csvuserName>
    <csvDirectoryService></csvDirectoryService>
</csvUserGroup>

<csvUserGroup handler="wt.load.LoadUser.createUserGroup" >
    <csvuser></csvuser>
    <csvgroupName>1448</csvgroupName>
    <csvuserName>207011</csvuserName>
    <csvDirectoryService></csvDirectoryService>
</csvUserGroup>

<csvUserGroup handler="wt.load.LoadUser.createUserGroup" >
    <csvuser></csvuser>
    <csvgroupName>1503</csvgroupName>
    <csvuserName>207005</csvuserName>
    <csvDirectoryService></csvDirectoryService>
</csvUserGroup>

<csvUserGroup handler="wt.load.LoadUser.createUserGroup" >
    <csvuser></csvuser>
    <csvgroupName>1503</csvgroupName>
    <csvuserName>207006</csvuserName>
    <csvDirectoryService></csvDirectoryService>
</csvUserGroup>

<csvUserGroup handler="wt.load.LoadUser.createUserGroup" >
    <csvuser></csvuser>
    <csvgroupName>1427</csvgroupName>
    <csvuserName>207007</csvuserName>
    <csvDirectoryService></csvDirectoryService>
</csvUserGroup>

<csvUserGroup handler="wt.load.LoadUser.createUserGroup" >
    <csvuser></csvuser>
    <csvgroupName>1427</csvgroupName>
    <csvuserName>207008</csvuserName>
    <csvDirectoryService></csvDirectoryService>
</csvUserGroup>

<csvUserGroup handler="wt.load.LoadUser.createUserGroup" >
    <csvuser></csvuser>
    <csvgroupName>1427</csvgroupName>
    <csvuserName>207009</csvuserName>
    <csvDirectoryService></csvDirectoryService>
</csvUserGroup>

<csvUserGroup handler="wt.load.LoadUser.createUserGroup" >
    <csvuser></csvuser>
    <csvgroupName>1428</csvgroupName>
    <csvuserName>207010</csvuserName>
    <csvDirectoryService></csvDirectoryService>
</csvUserGroup>

<csvUserGroup handler="wt.load.LoadUser.createUserGroup" >
    <csvuser></csvuser>
    <csvgroupName>1501</csvgroupName>
    <csvuserName>207002</csvuserName>
    <csvDirectoryService></csvDirectoryService>
</csvUserGroup>

<csvUserGroup handler="wt.load.LoadUser.createUserGroup" >
    <csvuser></csvuser>
    <csvgroupName>1422</csvgroupName>
    <csvuserName>206023</csvuserName>
    <csvDirectoryService></csvDirectoryService>
</csvUserGroup>

<csvUserGroup handler="wt.load.LoadUser.createUserGroup" >
    <csvuser></csvuser>
    <csvgroupName>1498</csvgroupName>
    <csvuserName>207003</csvuserName>
    <csvDirectoryService></csvDirectoryService>
</csvUserGroup>

<csvUserGroup handler="wt.load.LoadUser.createUserGroup" >
    <csvuser></csvuser>
    <csvgroupName>1433</csvgroupName>
    <csvuserName>207021</csvuserName>
    <csvDirectoryService></csvDirectoryService>
</csvUserGroup>

<csvUserGroup handler="wt.load.LoadUser.createUserGroup" >
    <csvuser></csvuser>
    <csvgroupName>1501</csvgroupName>
    <csvuserName>207024</csvuserName>
    <csvDirectoryService></csvDirectoryService>
</csvUserGroup>

<csvUserGroup handler="wt.load.LoadUser.createUserGroup" >
    <csvuser></csvuser>
    <csvgroupName>1425</csvgroupName>
    <csvuserName>207023</csvuserName>
    <csvDirectoryService></csvDirectoryService>
</csvUserGroup>

<csvUserGroup handler="wt.load.LoadUser.createUserGroup" >
    <csvuser></csvuser>
    <csvgroupName>2000</csvgroupName>
    <csvuserName>plmadmin</csvuserName>
    <csvDirectoryService></csvDirectoryService>
</csvUserGroup>

</NmLoader>