<?xml version="1.0" ?><!DOCTYPE NmLoader SYSTEM "standardX10.dtd">
<NmLoader>
<csvPart handler="wt.part.LoadPart.createPart" >
    <csvuser></csvuser>
    <csvpartName>Air Intake</csvpartName>
    <csvpartNumber>A202</csvpartNumber>
    <csvtype>UPG</csvtype>
    <csvgenericType>standard</csvgenericType>
    <csvlogicbasePath></csvlogicbasePath>
    <csvsource>make</csvsource>
    <csvfolder>/Default</csvfolder>
    <csvlifecycle>Default</csvlifecycle>
    <csvview>Design</csvview>
    <csvvariation1></csvvariation1>
    <csvvariation2></csvvariation2>
    <csvteamTemplate></csvteamTemplate>
    <csvlifecyclestate>INWORK</csvlifecyclestate>
    <csvtypedef>WCTYPE|wt.part.WTPart|com.psk_inc.UPG</csvtypedef>
    <csvversion>A</csvversion>
    <csviteration>1</csviteration>
    <csvparentContainerPath></csvparentContainerPath>
    <csvenditem>FALSE</csvenditem>
    <csvtraceCode>0</csvtraceCode>
    <csvorganizationName></csvorganizationName>
    <csvorganizationID></csvorganizationID>
    <csvcreateTimestamp></csvcreateTimestamp>
    <csvmodifyTimestamp></csvmodifyTimestamp>
    <csvsecurityLabels></csvsecurityLabels>
    <csvminRequired>0</csvminRequired>
    <csvmaxAllowed>1</csvmaxAllowed>
    <csvdefaultUnit>ea</csvdefaultUnit>
</csvPart>

</NmLoader>