<?xml version="1.0"?>

<project name="Developer Module" basedir="E:/plmProject/Windchill9">
    <property environment="env"/>
    <property file="E:/plmProject/Windchill9/PSKBuilder.properties"/>

    <path id="class.path">
      <pathelement location="${codebase.lib}"/>
      <pathelement location="${wc.srclib}"/>
      <pathelement location="${codebase.web-inf.lib}"/>
      <pathelement location="${wc.codebase}"/>
      <pathelement location="${servlet_jar}"/>
      <pathelement location="${codebase.lib.ie}"/>
      <pathelement location="${jxl_jar}"/>
      <pathelement location="${skin_jar}"/>
      <pathelement location="${sqljdbc_jar}"/>
      <pathelement location="${wc.codebase}/WEB-INF/lib/poi-3.0.2-FINAL-20080204.jar"/>
    </path>
	
	<target name="javagen">
		<exec executable="Javagen.bat">
			<arg line="ext.psk.** false true true true true"/>
		</exec>
	</target>
	
	<target name="ResourceBuild">
		<exec executable="ResourceBuild.bat">
			<arg line="ext.psk.* true"/>
		</exec>
	</target>
	
    <target name="ALL" depends="filecopy-Ext, filecopy-codebase-ExtCore, filecopy-codebase-Ext" description="Compile">
        <echo message="ALL Compiler complete !!" />
    </target>
		
	<target name="Compiler-srcAll" description="Compile">
	        <echo message="ALL Compiler start !!" />
	        <javac srcdir="${project.src}" destdir="${wc.codebase}" debug="${debug}"
	        	  deprecation="${deprecation}" failonerror="${javac.failonerror}" verbose="false">
	            <include name="ext/psk/**"/>
	            <include name="ext/psk/*.cat"/>
	        	<classpath refid="class.path"/>
	        </javac>
			<echo message="ALL Compiler End !!" />
	    </target>
		
	<target name="filecopy-Ext" description="Copy general source files" >
        <echo message="Copy Ext source files" />
        <copy todir="${wc.src.ext}/psk" overwrite="true">
            <fileset dir="${project.src.ext}/psk" casesensitive="no">
            	<include name="**/*.cat"/>
            	<include name="**/*.java"/>
            	<include name="**/*.rbinfo"/>
            	<include name="**/**/*.cat"/>
            	<include name="**/**/*.java"/>
            	<include name="**/**/*.rbinfo"/>
            </fileset>
        </copy>
    </target>

	<target name="filecopy-Ext-catNmdata" description="Copy general source files" >
        <echo message="Copy Ext source files" />
        <copy todir="${project.src.ext}/psk" overwrite="true">
            <fileset dir="${wc.src.ext}/psk" casesensitive="no">
            	<include name="**/*.cat"/>
            	<include name="**/*.rbinfo"/>
            	<include name="**/*.mData"/>
            	<include name="**/**/*.cat"/>
            	<include name="**/**/*.rbinfo"/>
            	<include name="**/**/*.mData"/>
            </fileset>
        </copy>
    </target>
	
	<target name="filecopy-codebase-ExtCore" description="Copy general source files" >
        <echo message="Copy codebase ExtCore source files" />
        <copy todir="${wc.codebase.extcore}" overwrite="true">
            <fileset dir="${project.src.extcore}" casesensitive="yes">
	            <include name="**/*.jsp"/>
	            <include name="**/**/*.jsp"/>
	            <include name="css/*.css"/>
	            <include name="**/css/*.css"/>
	            <include name="html/*.html"/>
	            <include name="images/**/*.gif"/>
	            <include name="images/**/*.jpg"/>
	            <include name="js/*.js"/>
	            <include name="**/js/*.js"/>
	            <include name="other/*.*"/>
            </fileset>
        </copy>
	</target>
	
	<target name="filecopy-codebase-Ext" description="Copy general source files" >
        <echo message="Copy codebase Ext source files" />
        <copy todir="${wc.codebase.ext}/psk" overwrite="true">
            <fileset dir="${project.bin}/ext/psk" casesensitive="yes">
	            <include name="**/*.class"/>
	            <include name="other/*.*"/>
            </fileset>
        </copy>
	</target>
		
	<target name="filecopy-loadFiles" description="Copy load files" >
	        <echo message="Copy loadFiles files" />
	        <copy todir="${wc.home}/loadFiles" overwrite="true">
	            <fileset dir="${project.home}/loadFiles" casesensitive="yes">
		            <include name="**"/>
	            </fileset>
	        </copy>
	</target>

	<target name="WindchillToWork-ext" description="Windchill에서 제너레이션된 소스와 모델링 파일 Eclipse로 복사" >
        <echo message="Copy Ext source files Windchill --> Work Space" />
        <copy todir="${project.src.ext}/psk" overwrite="true">
            <fileset dir="${wc.src.ext}/psk" casesensitive="yes">
            	<include name="*.cat"/>
	            <include name="*.java"/>
            	<include name="*.rbinfo"/>
            	<include name="*.mData"/>
            	<include name="**/*.cat"/>
	            <include name="**/*.java"/>
            	<include name="**/*.rbinfo"/>
            	<include name="**/*.mData"/>
            </fileset>
        </copy>
    </target>
	

	<target name="filecopy-Java" description="소스 제너레이션시 Windchill로 Java소스 복사" >
        <echo message="Copy Ext source files" />
        <copy todir="${wc.src.ext}/psk" overwrite="true">
            <fileset dir="${project.src.ext}/psk" casesensitive="no">
            	<include name="**/*.java"/>
            	<include name="**/**/*.java"/>
            	<include name="**/**/**/*.java"/>
            </fileset>
        </copy>
    </target>
	
</project>
